{
 "labelsOn": true,
 "thickness": 1,
 "refreshRate": 3000,
 "labelColor": [
  0.9333333333333333,
  0.9333333333333333,
  0.9254901960784314,
  1
 ],
 "backgroundColor": [
  0,
  0,
  0,
  0
 ],
 "cpu": {
  "enabled": true,
  "width": 40,
  "colors": [
   [
    1,
    1,
    1,
    1
   ],
   [
    1,
    1,
    1,
    1
   ],
   [
    1,
    1,
    1,
    1
   ],
   [
    1,
    1,
    1,
    1
   ]
  ],
  "byActivity": false,
  "useProgressiveColors": false,
  "colorsByActivity": [
   [
    0.10196078431372549,
    0.37254901960784315,
    0.7058823529411765,
    1
   ],
   [
    0.14901960784313725,
    0.6352941176470588,
    0.4117647058823529,
    1
   ],
   [
    0.8980392156862745,
    0.6470588235294118,
    0.0392156862745098,
    1
   ],
   [
    0.7764705882352941,
    0.27450980392156865,
    0,
    1
   ],
   [
    0.6470588235294118,
    0.11372549019607843,
    0.17647058823529413,
    1
   ]
  ]
 },
 "mem": {
  "enabled": true,
  "width": 40,
  "colors": [
   [
    1,
    1,
    1,
    1
   ],
   [
    0.6,
    0.6,
    0.6,
    0.8
   ],
   [
    0.8,
    0.8,
    0.8,
    0.8
   ],
   [
    0.9,
    0.9,
    0.9,
    0.1
   ]
  ],
  "swapcolors": [
   [
    1,
    1,
    1,
    0.15
   ]
  ]
 },
 "net": {
  "enabled": false,
  "autoscale": true,
  "logscale": true,
  "width": 40,
  "devices": [
   {
    "id": "lo",
    "enabled": false,
    "show": 4,
    "colors": [
     [
      1,
      1,
      1,
      0.8
     ],
     [
      0,
      0,
      0,
      0.6
     ]
    ],
    "up": 17808,
    "down": 17808,
    "tooltipUp": 0,
    "tooltipDown": 0,
    "lastReading": [
     0,
     0
    ],
    "readingRatesList": []
   },
   {
    "id": "enp7s0",
    "enabled": false,
    "show": 4,
    "colors": [
     [
      1,
      1,
      1,
      0.8
     ],
     [
      0,
      0,
      0,
      0.6
     ]
    ],
    "up": 444,
    "down": 0,
    "tooltipUp": 0,
    "tooltipDown": 0,
    "lastReading": [
     0,
     0
    ],
    "readingRatesList": []
   },
   {
    "id": "wlp3s0",
    "enabled": false,
    "show": 4,
    "colors": [
     [
      1,
      1,
      1,
      0.8
     ],
     [
      0,
      0,
      0,
      0.6
     ]
    ],
    "up": 0,
    "down": 0,
    "tooltipUp": 0,
    "tooltipDown": 0,
    "lastReading": [
     0,
     0
    ],
    "readingRatesList": []
   }
  ]
 },
 "disk": {
  "enabled": true,
  "autoscale": true,
  "logscale": true,
  "width": 40,
  "devices": [
   {
    "id": "/",
    "enabled": true,
    "show": 4,
    "colors": [
     [
      1,
      1,
      1,
      1
     ],
     [
      0.6,
      0.6,
      0.6,
      0.8
     ]
    ],
    "path": "/",
    "read": 0,
    "write": 0,
    "lastReading": [
     0,
     0
    ],
    "readingRatesList": []
   },
   {
    "id": "Git",
    "enabled": false,
    "show": 4,
    "colors": [
     [
      1,
      1,
      1,
      0.8
     ],
     [
      0,
      0,
      0,
      0.6
     ]
    ],
    "path": "/mnt/git",
    "read": 0,
    "write": 0,
    "lastReading": [
     0,
     0
    ],
    "readingRatesList": []
   },
   {
    "id": "Data",
    "enabled": false,
    "show": 4,
    "colors": [
     [
      1,
      1,
      1,
      0.8
     ],
     [
      0,
      0,
      0,
      0.6
     ]
    ],
    "path": "/mnt/data",
    "read": 295043072,
    "write": 0,
    "lastReading": [
     0,
     0
    ],
    "readingRatesList": []
   }
  ]
 }
}